--POPULATE CUSTOMER TABLE
insert into customer (first_name, last_name, username, dob, password, confirmpassword, email, mobile_number) values ('Martyn', 'Van der Spohr', 'mvanderspohr0', '8/10/2001', 'b0tbG1wm7YzZ', 'b0tbG1wm7YzZ', 'mvanderspohr0@google.ca',96539517);
insert into customer (first_name, last_name, username, dob, password, confirmpassword, email, mobile_number) values ('Ben', 'McVeigh', 'bmcveigh1', '3/3/2001', 'PWdKZvjhJ', 'PWdKZvjhJ', 'bmcveigh1@fema.gov',96539517);
insert into customer (first_name, last_name, username, dob, password, confirmpassword, email, mobile_number) values ('Clair', 'Scutter', 'cscutter2', '10/12/2001', 'ZKyyUGrahIkf', 'ZKyyUGrahIkf', 'cscutter2@vinaora.com',96539517);
insert into customer (first_name, last_name, username, dob, password, confirmpassword, email, mobile_number) values ('Marinna', 'Greathead', 'mgreathead3', '10/12/2001', 'faROy6iNYg0w', 'faROy6iNYg0w', 'mgreathead3@chronoengine.com',96539517);
insert into customer (first_name, last_name, username, dob, password, confirmpassword, email, mobile_number) values ('Keith', 'Sprulls', 'ksprulls4', '6/2/2001', 'V7fwCF8s', 'V7fwCF8s', 'ksprulls4@fda.gov',96539517);
insert into customer (first_name, last_name, username, dob, password, confirmpassword, email, mobile_number) values ('Arlin', 'Dimond', 'adimond5', '1/1/2002', 'HwjmCMgNKBG', 'HwjmCMgNKBG', 'adimond5@twitpic.com',96539517);
insert into customer (first_name, last_name, username, dob, password, confirmpassword, email, mobile_number) values ('Jerri', 'Esel', 'jesel6', '3/9/2002', '4MbgJ9COTBOL', '4MbgJ9COTBOL', 'jesel6@squidoo.com',96539517);
insert into customer (first_name, last_name, username, dob, password, confirmpassword, email, mobile_number) values ('Jarred', 'Gailor', 'jgailor7', '10/2/2001', 'RMgzpcr', 'RMgzpcr', 'jgailor7@rediff.com',96539517);
insert into customer (first_name, last_name, username, dob, password, confirmpassword, email, mobile_number) values ('Saunders', 'Bompass', 'sbompass8', '8/9/2001', 'wShpblV', 'wShpblV', 'sbompass8@cnet.com',96539517);
insert into customer (first_name, last_name, username, dob, password, confirmpassword, email, mobile_number) values ('Amy', 'Warry', 'awarry9', '1/11/2002', 'ZZvye03xvN8', 'ZZvye03xvN8', 'awarry9@statcounter.com',96539517);
insert into customer (first_name, last_name, username, dob, password, confirmpassword, email, mobile_number) values ('cheng', 'h', 'ch1234', '1/12/2002', 'nus', 'nus', 'chenghong1234@gmail.com',92239517);
insert into customer (first_name, last_name, username, dob, password, confirmpassword, email, mobile_number) values ('c', 'hong', 'ch123', '1/12/2002', 'nus', 'nus', 'chenghong123@gmail.com',93339517);

insert into customer (first_name, last_name, username, dob, password, confirmpassword, email, mobile_number) values ('Cordy', 'Scourge', 'cscourge0', '1963-05-19', 'yXNclyvUow', 'yXNclyvUow', 'cscourge0@cyberchimps.com', 88830983);
insert into customer (first_name, last_name, username, dob, password, confirmpassword, email, mobile_number) values ('Mike', 'Sigge', 'msigge1', '1954-01-16', 'sx12lcg', 'sx12lcg', 'msigge1@drupal.org', 80683064);
insert into customer (first_name, last_name, username, dob, password, confirmpassword, email, mobile_number) values ('Kennan', 'Levay', 'klevay2', '1978-11-05', 'qbUTOmR2', 'qbUTOmR2', 'klevay2@google.es', 98431739);
insert into customer (first_name, last_name, username, dob, password, confirmpassword, email, mobile_number) values ('Marlowe', 'Wagstaff', 'mwagstaff3', '1948-08-28', 'Mq94tTVGv4', 'Mq94tTVGv4', 'mwagstaff3@icio.us', 86877197);
insert into customer (first_name, last_name, username, dob, password, confirmpassword, email, mobile_number) values ('Hugo', 'Oag', 'hoag4', '1956-08-19', 'rZMqrL9cQq', 'rZMqrL9cQq', 'hoag4@amazon.de', 85658151);
insert into customer (first_name, last_name, username, dob, password, confirmpassword, email, mobile_number) values ('Wilmette', 'Kinchlea', 'wkinchlea5', '1975-02-04', '3xJiDnj', '3xJiDnj', 'wkinchlea5@washingtonpost.com', 80616484);
insert into customer (first_name, last_name, username, dob, password, confirmpassword, email, mobile_number) values ('Bud', 'Brandone', 'bbrandone6', '1959-05-10', 'nvcMnW', 'nvcMnW', 'bbrandone6@t.co', 91124782);
insert into customer (first_name, last_name, username, dob, password, confirmpassword, email, mobile_number) values ('Sinclare', 'Harriday', 'sharriday7', '1997-02-19', 'uwwiQ8vcyn', 'uwwiQ8vcyn', 'sharriday7@weather.com', 89047548);
insert into customer (first_name, last_name, username, dob, password, confirmpassword, email, mobile_number) values ('Constancy', 'Aubin', 'caubin8', '1970-07-01', 'ZWUXBk', 'ZWUXBk', 'caubin8@imgur.com', 81907170);
insert into customer (first_name, last_name, username, dob, password, confirmpassword, email, mobile_number) values ('Marthe', 'Barrowclough', 'mbarrowclough9', '1997-11-05', 'xqOrBns3qYJT', 'xqOrBns3qYJT', 'mbarrowclough9@vimeo.com', 92151831);
insert into customer (first_name, last_name, username, dob, password, confirmpassword, email, mobile_number) values ('Rik', 'Carlyon', 'rcarlyona', '1971-08-19', 'kN35hyJ6xxkV', 'kN35hyJ6xxkV', 'rcarlyona@xinhuanet.com', 95206084);
insert into customer (first_name, last_name, username, dob, password, confirmpassword, email, mobile_number) values ('Blondy', 'Adamovicz', 'badamoviczb', '1952-02-16', '7BZLOMO', '7BZLOMO', 'badamoviczb@omniture.com', 98048417);
insert into customer (first_name, last_name, username, dob, password, confirmpassword, email, mobile_number) values ('Vicki', 'Kruger', 'vkrugerc', '1996-02-22', 'QPGjZW', 'QPGjZW', 'vkrugerc@economist.com', 89337226);
insert into customer (first_name, last_name, username, dob, password, confirmpassword, email, mobile_number) values ('Pam', 'Fennessy', 'pfennessyd', '1952-05-23', 'oCBQ2UhE', 'oCBQ2UhE', 'pfennessyd@discuz.net', 88994982);
insert into customer (first_name, last_name, username, dob, password, confirmpassword, email, mobile_number) values ('Ivy', 'La Batie', 'ilabatiee', '1974-01-14', 'AR5jcM3To1tD', 'AR5jcM3To1tD', 'ilabatiee@chron.com', 92746837);
insert into customer (first_name, last_name, username, dob, password, confirmpassword, email, mobile_number) values ('Devan', 'Pargiter', 'dpargiterf', '1980-03-03', 'Nf5EONBd', 'Nf5EONBd', 'dpargiterf@macromedia.com', 95456695);
insert into customer (first_name, last_name, username, dob, password, confirmpassword, email, mobile_number) values ('Lyon', 'Ebbage', 'lebbageg', '1991-09-10', '0EdeSaeRtJ', '0EdeSaeRtJ', 'lebbageg@unc.edu', 87793141);
insert into customer (first_name, last_name, username, dob, password, confirmpassword, email, mobile_number) values ('Zahara', 'Besse', 'zbesseh', '1995-04-22', 'vnLo4Mw', 'vnLo4Mw', 'zbesseh@sourceforge.net', 99187026);


insert into listings (car_vin, carmake, model, year, mileage, rate, owner) values ('3N1AB6AP3AL362912', 'Isuzu', 'Ascender', 2007, 80643, 55, 'ksprulls4@fda.gov');
insert into listings (car_vin, carmake, model, year, mileage, rate, owner) values ('5UMDU93557L734848', 'Volvo', 'XC70', 2007, 51820, 78, 'ksprulls4@fda.gov');
insert into listings (car_vin, carmake, model, year, mileage, rate, owner) values ('1N6AD0CU3FN047703', 'Nissan', 'Titan', 2004, 78648, 71, 'adimond5@twitpic.com');
insert into listings (car_vin, carmake, model, year, mileage, rate, owner) values ('3FADP0L3XBR853159', 'Dodge', 'Ram 50', 1993, 38823, 165, 'jgailor7@rediff.com');
insert into listings (car_vin, carmake, model, year, mileage, rate, owner) values ('5N1AR2MM8FC452719', 'Subaru', 'Tribeca', 2011, 70290, 199, 'jgailor7@rediff.com');
insert into listings (car_vin, carmake, model, year, mileage, rate, owner) values ('WAUSFAFL2BA782648', 'Volkswagen', 'Cabriolet', 2002, 34712, 130, 'sbompass8@cnet.com');
insert into listings (car_vin, carmake, model, year, mileage, rate, owner) values ('WA1LMBFE7ED541878', 'Hyundai', 'Elantra', 2003, 44723, 45, 'sbompass8@cnet.com');
insert into listings (car_vin, carmake, model, year, mileage, rate, owner) values ('JN8AS1MU7AM855309', 'Chrysler', 'Town & Country', 1993, 47443, 62, 'sbompass8@cnet.com');
insert into listings (car_vin, carmake, model, year, mileage, rate, owner) values ('5N1AN0NU1CN694265', 'Chevrolet', 'Suburban 1500', 1995, 19175, 144, 'awarry9@statcounter.com');
insert into listings (car_vin, carmake, model, year, mileage, rate, owner) values ('JN8AZ2KRXBT327366', 'Audi', 'TT', 2011, 59961, 83, 'awarry9@statcounter.com');
insert into listings (car_vin, carmake, model, year, mileage, rate, owner) values ('5N1AN0NU1CN694264', 'Audi', 'TT', 2013, 59961, 120, 'chenghong123@gmail.com');

insert into listings (car_vin, carmake, model, year, mileage, rate, owner) values ('2T1BU4EE6CC232685', 'Toyota', 'Xtra', 1992, 63659, 140, 'cscourge0@cyberchimps.com');
insert into listings (car_vin, carmake, model, year, mileage, rate, owner) values ('1FTEW1CF4FF161559', 'Mercedes-Benz', '500E', 1993, 7580, 58, 'cscourge0@cyberchimps.com');
insert into listings (car_vin, carmake, model, year, mileage, rate, owner) values ('WBAEK734X5B154974', 'Land Rover', 'Range Rover', 1994, 30498, 73, 'cscourge0@cyberchimps.com');
insert into listings (car_vin, carmake, model, year, mileage, rate, owner) values ('WAUVC58E82A061102', 'Maserati', 'Quattroporte', 2008, 27345, 207, 'msigge1@drupal.org');
insert into listings (car_vin, carmake, model, year, mileage, rate, owner) values ('WBAUU33589A146911', 'Chevrolet', 'Sportvan G30', 1992, 18675, 57, 'msigge1@drupal.org');
insert into listings (car_vin, carmake, model, year, mileage, rate, owner) values ('2HNYD285X7H814465', 'Mercury', 'Cougar', 2001, 89224, 51, 'msigge1@drupal.org');
insert into listings (car_vin, carmake, model, year, mileage, rate, owner) values ('2G4GR5ECXB9463126', 'Mazda', 'Tribute', 2001, 28007, 174, 'klevay2@google.es');
insert into listings (car_vin, carmake, model, year, mileage, rate, owner) values ('KNADM5A38D6873300', 'Chevrolet', 'Venture', 2000, 30694, 151, 'klevay2@google.es');
insert into listings (car_vin, carmake, model, year, mileage, rate, owner) values ('4T1BF1FK3EU844115', 'Chevrolet', 'Astro', 1993, 41495, 87, 'mwagstaff3@icio.us');
insert into listings (car_vin, carmake, model, year, mileage, rate, owner) values ('WAUJT54B34N769327', 'Hyundai', 'Entourage', 2007, 36661, 148, 'hoag4@amazon.de');
insert into listings (car_vin, carmake, model, year, mileage, rate, owner) values ('WAUDF98E35A106025', 'BMW', '5 Series', 2002, 64205, 157, 'hoag4@amazon.de');
insert into listings (car_vin, carmake, model, year, mileage, rate, owner) values ('WP0AB2A93FS423837', 'Lexus', 'RX', 2012, 87802, 88, 'hoag4@amazon.de');
insert into listings (car_vin, carmake, model, year, mileage, rate, owner) values ('WBAET37452N601060', 'Dodge', 'Journey', 2011, 46624, 231, 'wkinchlea5@washingtonpost.com');
insert into listings (car_vin, carmake, model, year, mileage, rate, owner) values ('WAUDF48H67K533550', 'Mercedes-Benz', '600SEL', 1993, 63824, 147, 'wkinchlea5@washingtonpost.com');
insert into listings (car_vin, carmake, model, year, mileage, rate, owner) values ('WA1LMBFEXCD639056', 'Hyundai', 'Accent', 2010, 95281, 159, 'bbrandone6@t.co');
insert into listings (car_vin, carmake, model, year, mileage, rate, owner) values ('WBAAX13433P557899', 'Land Rover', 'Freelander', 2002, 18043, 64, 'bbrandone6@t.co');
insert into listings (car_vin, carmake, model, year, mileage, rate, owner) values ('SCFHDDAJ0BA471926', 'Pontiac', 'Monterey', 2005, 70524, 81,'sharriday7@weather.com');
insert into listings (car_vin, carmake, model, year, mileage, rate, owner) values ('5GAKVDED2CJ682893', 'Mitsubishi', 'Precis', 1993, 98821, 201, 'mbarrowclough9@vimeo.com');
insert into listings (car_vin, carmake, model, year, mileage, rate, owner) values ('1FTSW2B57AE970599', 'Dodge', 'Ram Van 2500', 1998, 28049, 65, 'mbarrowclough9@vimeo.com');
insert into listings (car_vin, carmake, model, year, mileage, rate, owner) values ('JH4CL96814C916811', 'Toyota', 'Yaris', 2012, 40909, 92, 'lebbageg@unc.edu');

insert into unavailable (car_vin, owner, unavailable) values ('3N1AB6AP3AL362912', 'ksprulls4@fda.gov', '2022-12-14');
insert into unavailable (car_vin, owner, unavailable) values ('3N1AB6AP3AL362912', 'ksprulls4@fda.gov', '2023-01-24');
insert into unavailable (car_vin, owner, unavailable) values ('3N1AB6AP3AL362912', 'ksprulls4@fda.gov', '2023-01-10');
insert into unavailable (car_vin, owner, unavailable) values ('JN8AZ2KRXBT327366', 'awarry9@statcounter.com', '2022-03-02');
insert into unavailable (car_vin, owner, unavailable) values ('JN8AZ2KRXBT327366', 'awarry9@statcounter.com', '2022-09-22');
insert into unavailable (car_vin, owner, unavailable) values ('5N1AN0NU1CN694265', 'awarry9@statcounter.com', '2022-09-23');
insert into unavailable (car_vin, owner, unavailable) values ('5N1AN0NU1CN694265', 'awarry9@statcounter.com', '2022-08-04');
insert into unavailable (car_vin, owner, unavailable) values ('WA1LMBFE7ED541878', 'sbompass8@cnet.com', '2022-12-23');
insert into unavailable (car_vin, owner, unavailable) values ('WAUSFAFL2BA782648', 'sbompass8@cnet.com', '2022-12-07');
insert into unavailable (car_vin, owner, unavailable) values ('WAUSFAFL2BA782648', 'sbompass8@cnet.com', '2022-08-17');

insert into unavailable (car_vin, owner, unavailable) values ('WAUJT54B34N769327', 'hoag4@amazon.de', '2022-12-14');
insert into unavailable (car_vin, owner, unavailable) values ('WAUDF98E35A106025', 'hoag4@amazon.de', '2023-01-24');
insert into unavailable (car_vin, owner, unavailable) values ('WP0AB2A93FS423837', 'hoag4@amazon.de', '2023-01-10');
insert into unavailable (car_vin, owner, unavailable) values ('WBAET37452N601060', 'wkinchlea5@washingtonpost.com', '2022-03-02');
insert into unavailable (car_vin, owner, unavailable) values ('WAUDF48H67K533550', 'wkinchlea5@washingtonpost.com', '2022-09-22');
insert into unavailable (car_vin, owner, unavailable) values ('WA1LMBFEXCD639056', 'bbrandone6@t.co', '2022-09-23');
insert into unavailable (car_vin, owner, unavailable) values ('WBAAX13433P557899', 'bbrandone6@t.co', '2022-08-04');
insert into unavailable (car_vin, owner, unavailable) values ('SCFHDDAJ0BA471926', 'sharriday7@weather.com', '2022-12-23');
insert into unavailable (car_vin, owner, unavailable) values ('5GAKVDED2CJ682893', 'mbarrowclough9@vimeo.com', '2022-12-07');
insert into unavailable (car_vin, owner, unavailable) values ('1FTSW2B57AE970599', 'mbarrowclough9@vimeo.com', '2022-08-17');

insert into rentals (owner,renter,car_vin,pick_up,drop_off,rental_fee)
values
('awarry9@statcounter.com','ksprulls4@fda.gov','JN8AZ2KRXBT327366','2022-09-17','2022-09-17',83),
('sbompass8@cnet.com','ksprulls4@fda.gov','JN8AS1MU7AM855309','2022-09-17','2022-09-17',62),
('jgailor7@rediff.com','ksprulls4@fda.gov','5N1AR2MM8FC452719','2022-09-17','2022-09-17',199),
('hoag4@amazon.de','awarry9@statcounter.com', 'WAUJT54B34N769327','2022-12-14','2022-12-14',94),
('hoag4@amazon.de','sbompass8@cnet.com', 'WAUDF98E35A106025','2022-12-14','2022-12-14',118),
('wkinchlea5@washingtonpost.com','sbompass8@cnet.com', 'WBAET37452N601060','2022-10-14','2022-10-14',102),
('wkinchlea5@washingtonpost.com','awarry9@statcounter.com', 'WAUDF48H67K533550','2022-11-14','2022-11-14',105),
('bbrandone6@t.co','sbompass8@cnet.com', 'WA1LMBFEXCD639056','2022-03-15','2022-03-15',109),
('bbrandone6@t.co','awarry9@statcounter.com', 'WBAAX13433P557899','2022-04-16','2022-04-16',112),
('mbarrowclough9@vimeo.com','jgailor7@rediff.com', '5GAKVDED2CJ682893','2022-05-17','2022-05-17',92),
('mbarrowclough9@vimeo.com','sbompass8@cnet.com', '1FTSW2B57AE970599','2022-06-18','2022-06-18',80),
('hoag4@amazon.de','jgailor7@rediff.com', 'WP0AB2A93FS423837', '2022-12-14','2022-12-14',165);

insert into rentals (owner,renter,car_vin,pick_up,drop_off,rental_fee)
values
('chenghong123@gmail.com', 'chenghong1234@gmail.com', '5N1AN0NU1CN694264', '2022-09-17','2022-09-17', 100);

